{
    "$metadata": {
        "type": "Identity",
        "uris": {
            "jsonLdContext": "https://example.com/path/to/file/context.jsonld"
        },
        "version": "1.1"
    },
    "$schema": "https://json-schema.org/draft/2020-12/schema",
    "description": "Electronically issued REAL ID.",
    "title": "ELECTRONIC REAL ID",
    "properties": {
        "@context": {
            "type": [
                "string",
                "array",
                "object"
            ]
        },
        "expirationDate": {
            "format": "date-time",
            "type": "string"
        },
        "id": {
            "type": "string"
        },
        "issuanceDate": {
            "format": "date-time",
            "type": "string"
        },
        "issuer": {
            "type": [
                "string",
                "object"
            ],
            "format": "uri",
            "properties": {
                "id": {
                    "format": "uri",
                    "type": "string"
                }
            },
            "required": [
                "id"
            ]
        },
        "type": {
            "type": [
                "string",
                "array"
            ],
            "items": {
                "type": "string"
            }
        },
        "credentialSubject": {
            "description": "Stores the data of the credential",
            "title": "Credential subject",
            "properties": {
                "licenseType": {
                    "description": "License type",
                    "enum": [
                        "Identification",
                        "Driver"
                    ],
                    "title": "License type",
                    "type": "string"
                },
                "last": {
                    "description": "Last name",
                    "title": "Last name",
                    "type": "string"
                },
                "first": {
                    "description": "First name",
                    "title": "First name",
                    "type": "string"
                },
                "address": {
                    "description": "Address",
                    "title": "Address",
                    "type": "string"
                },
                "city": {
                    "description": "City",
                    "title": "city",
                    "type": "string"
                },
                "state": {
                    "description": "State - abbreviated",
                    "title": "State",
                    "maxLength": 2,
                    "type": "string"
                },
                "zip": {
                    "description": "ZIP Code",
                    "title": "ZIP Code",
                    "type": "string"
                },
                "dateOfBirth": {
                    "description": "Date of Birth",
                    "title": "Date of Birth",
                    "format": "date",
                    "type": "string"
                },
                "id": {
                    "description": "Stores the DID of the subject that owns the credential",
                    "title": "Credential subject ID",
                    "format": "uri",
                    "type": "string"
                }
            },
            "required": [
                "licenseType",
                "last",
                "first",
                "address",
                "city",
                "state",
                "zip",
                "dateOfBirth"
            ],
            "type": "object"
        },
        "credentialSchema": {
            "properties": {
                "id": {
                    "format": "uri",
                    "type": "string"
                },
                "type": {
                    "type": "string"
                }
            },
            "required": [
                "id",
                "type"
            ],
            "type": "object"
        }
    },
    "required": [
        "@context",
        "id",
        "issuanceDate",
        "issuer",
        "type",
        "credentialSubject",
        "credentialSchema"
    ],
    "type": "object"
}